ID,Method,Title,Authors,Year,Venue,Check year/venue,Drive folder(s),Drive link (primary copy),Problem setting (coded),Role (coded),Pipeline stage(s) (coded),Generation operator (coded),Difficulty factors targeted (coded),Modality,Real-world case,Key idea,From the abstract,Any significance test (full-text mention),Friedman-type test with post-hoc (full-text mention),"Pairwise test (Wilcoxon, t-test) (full-text mention)",KEEL repository (full-text mention),UCI repository (full-text mention),Artificial or simulated data (full-text mention),ROC or AUC (full-text mention),F-measure family (full-text mention),G-mean family (full-text mention),MCC (full-text mention),Precision-recall curve or AUPRC (full-text mention),Decision tree or random forest (full-text mention),SVM (full-text mention),Gradient boosting (XGBoost and kin) (full-text mention),Code repository link (full-text mention),Basis
W01,ENN,Asymptotic Properties of Nearest Neighbor Rules Using Edited Data,Wilson,1972,IEEE TSMC,,Both,https://drive.google.com/file/d/1KyTxLIzgXhdA5awRp6LIodyd-Ra_xs43/view,General (not imbalance-specific),Undersampling and cleaning,Cleaning and filtering,,Label or feature noise,Tabular,,Edits out examples misclassified by their nearest neighbours (the 'ENN' in SMOTE-ENN).,,no,no,no,no,no,no,no,yes,no,no,no,no,no,no,no,"Markers: Drive full-text phrase search of the main PDF, 6 Oct 2026 (mention, not confirmed use). Codes: first-pass from title and abstract; verify."
W02,Tomek Links,Two Modifications of CNN,Tomek,1976,IEEE TSMC,,Both,https://drive.google.com/file/d/1X2CfrCtIwUs-lF5x7lzAs8LbIFvcgOOq/view,General (not imbalance-specific),Undersampling and cleaning,Cleaning and filtering,,Class overlap; Label or feature noise,Tabular,,"Defines Tomek links, cross-class mutual nearest pairs later used for cleaning.",,no,no,no,no,no,no,no,no,no,no,no,no,no,no,no,"Markers: Drive full-text phrase search of the main PDF, 6 Oct 2026 (mention, not confirmed use). Codes: first-pass from title and abstract; verify."
W03,AdaBoost,A Decision-Theoretic Generalization of On-Line Learning and an Application to Boosting,Freund & Schapire,1997,J. Computer and System Sciences,,Both,https://drive.google.com/file/d/1nQ49OEOPGSH-PjyDTl5YXwzhGO-sBaip/view,General (not imbalance-specific),Ensembles and boosting,Learner integration,,,Tabular,,The boosting algorithm most imbalance ensembles build on.,,no,no,no,no,no,no,no,no,no,no,no,yes,no,no,no,"Markers: Drive full-text phrase search of the main PDF, 6 Oct 2026 (mention, not confirmed use). Codes: first-pass from title and abstract; verify."
W04,OSS,Addressing the Curse of Imbalanced Training Sets: One-Sided Selection,Kubat & Matwin,1997,ICML,yes,Binary,https://drive.google.com/file/d/1OdoqDWkQSturmgk9F8bx5u_PgHLVdsjz/view,Binary,Undersampling and cleaning,Cleaning and filtering,,Label or feature noise; Borderline and unsafe examples,Tabular,,"Removes redundant, borderline and noisy majority examples.",Abstract: discusses evaluation criteria beyond accuracy.,no,no,no,no,yes,no,yes,yes,yes,no,no,yes,no,no,no,"Markers: Drive full-text phrase search of the main PDF, 6 Oct 2026 (mention, not confirmed use). Codes: first-pass from title and abstract; verify."
W05,SHRINK,Machine Learning for the Detection of Oil Spills in Satellite Radar Images,"Kubat, Holte & Matwin",1998,Machine Learning,,Binary,https://drive.google.com/file/d/1W9DubnXJROPbPHHYcvOI1SXvE7I3OC6g/view,Binary,Algorithm-level and cost-sensitive,Outside the resampling pipeline,,Imbalance ratio only,Tabular,Oil-spill detection system (CEHDS) heading for field testing,Application study that introduces the SHRINK learner for imbalanced data.,"Abstract: problem formulation, evaluation measures and data preparation issues from a deployment.",yes,no,yes,no,yes,yes,yes,no,yes,no,no,yes,no,no,no,"Markers: Drive full-text phrase search of the main PDF, 6 Oct 2026 (mention, not confirmed use). Codes: first-pass from title and abstract; verify."
W06,SMOTE,SMOTE: Synthetic Minority Over-sampling Technique,"Chawla, Bowyer, Hall & Kegelmeyer",2002,JAIR,,Binary+Both,https://drive.google.com/file/d/1QNibmYJDDccj-q4MtzzMWo-mh8ssyKWt/view,Binary,SMOTE family (interpolation),Defines the baseline pipeline,Segment interpolation,Imbalance ratio only,Tabular,,Creates minority points on segments between a minority point and one of its k nearest minority neighbours.,"Abstract: C4.5, Ripper and Naive Bayes; AUC and the ROC convex hull.",no,no,no,no,yes,no,yes,yes,yes,no,no,yes,no,no,no,"Markers: Drive full-text phrase search of the main PDF, 6 Oct 2026 (mention, not confirmed use). Codes: first-pass from title and abstract; verify."
W07,SMOTEBoost,SMOTEBoost: Improving Prediction of the Minority Class in Boosting,"Chawla, Lazarevic, Hall & Bowyer",2003,PKDD,,Both,https://drive.google.com/file/d/1BDWkAouBggfwiVzTId6e_yT6lNQPjXus/view,Binary (check),Ensembles and boosting,Learner integration,Segment interpolation,Imbalance ratio only,Tabular,,Injects SMOTE into every boosting round.,,no,no,no,no,yes,no,yes,yes,no,no,no,yes,no,no,no,"Markers: Drive full-text phrase search of the main PDF, 6 Oct 2026 (mention, not confirmed use). Codes: first-pass from title and abstract; verify."
W08,SMOTE-ENN/Tomek,A Study of the Behavior of Several Methods for Balancing Machine Learning Training Data,"Batista, Prati & Monard",2004,SIGKDD Explorations,,Binary+Both,https://drive.google.com/file/d/1ZE9_sBYlNd8f-v-0ncOXpDAHvL5lhvA3/view,Binary,Hybrid resampling,Cleaning and filtering,Segment interpolation,Class overlap; Extreme imbalance or very few minority points,Tabular,,Compares ten methods and introduces SMOTE followed by ENN or Tomek-link cleaning.,"Abstract: 13 UCI datasets, AUC; imbalance alone did not systematically hurt learning; random oversampling competitive.",no,no,no,no,yes,yes,yes,no,no,no,no,yes,no,no,no,"Markers: Drive full-text phrase search of the main PDF, 6 Oct 2026 (mention, not confirmed use). Codes: first-pass from title and abstract; verify."
W09,Borderline-SMOTE,Borderline-SMOTE: A New Over-Sampling Method in Imbalanced Data Sets Learning,"Han, Wang & Mao",2005,ICIC,,Binary+Both,https://drive.google.com/file/d/1cTusbQn1EiESN3UOguh2OlXl-fPgZ3or/view,Binary,SMOTE family (interpolation),Seed selection and weighting,Segment interpolation,Borderline and unsafe examples,Tabular,,Oversamples only minority points near the border (the 'danger' set).,Abstract: TP rate and F-value against SMOTE and random oversampling.,no,no,no,no,yes,yes,yes,yes,no,no,no,yes,yes,no,no,"Markers: Drive full-text phrase search of the main PDF, 6 Oct 2026 (mention, not confirmed use). Codes: first-pass from title and abstract; verify."
W10,Cluster-SMOTE,Combating Imbalance in Network Intrusion Datasets,"Cieslak, Chawla & Striegel",2006,IEEE GrC,yes,Binary,https://drive.google.com/file/d/1q9NlHTckoHw8AAG61d-68Y6t8hLFLtFJ/view,Binary,SMOTE family (interpolation),Partner or region choice,Segment interpolation,Imbalance ratio only,Tabular,Network intrusion detection on Notre Dame traffic,Clusters the minority class and interpolates within clusters.,"Abstract: RIPPER rule learner, ROC analysis, two real intrusion datasets.",no,no,no,no,no,no,yes,no,no,no,no,no,no,no,no,"Markers: Drive full-text phrase search of the main PDF, 6 Oct 2026 (mention, not confirmed use). Codes: first-pass from title and abstract; verify."
W11,Global-CS,On multi-class cost-sensitive learning,Zhou & Liu,2006,AAAI 2006; journal version 2010,yes,Multiclass,https://drive.google.com/file/d/1bReNAIswhhGIh5BdrWZg5GlfndPLLBBf/view,Multiclass,Algorithm-level and cost-sensitive,Outside the resampling pipeline,,Multiclass relations,Tabular,,Rescaling for multiclass cost-sensitive learning and when it works.,"Two versions in the Multiclass folder (2006 conference, 2010 journal).",yes,no,yes,no,yes,yes,yes,no,no,no,no,yes,yes,no,no,"Markers: Drive full-text phrase search of the main PDF, 6 Oct 2026 (mention, not confirmed use). Codes: first-pass from title and abstract; verify."
W12,COG-OS,Local Decomposition for Rare Class Analysis,"Wu, Xiong, Wu & Chen",2007,KDD,,Binary,https://drive.google.com/file/d/1zOM06qCMIDnpzxQk1T3n7xZhR03KEvOe/view,Binary and multiclass (check),Algorithm-level and cost-sensitive,Outside the resampling pipeline,,Small disjuncts and sub-concepts; Multiclass relations,Tabular,,"Clusters large classes into balanced sub-classes before training (COG, with an oversampling variant).",Abstract: SVMs; gains on rare classes.,no,no,no,no,yes,yes,no,yes,no,no,no,yes,yes,no,no,"Markers: Drive full-text phrase search of the main PDF, 6 Oct 2026 (mention, not confirmed use). Codes: first-pass from title and abstract; verify."
W13,ADASYN,ADASYN: Adaptive Synthetic Sampling Approach for Imbalanced Learning,"He, Bai, Garcia & Li",2008,IJCNN,yes,Binary,https://drive.google.com/file/d/1TSf938BSpsQUc_1q0OW3LWiBEyaJ_Ph3/view,Binary,SMOTE family (interpolation),Seed selection and weighting,Segment interpolation,Borderline and unsafe examples,Tabular,,Allocates more synthetic points to minority points with more majority neighbours.,Abstract: five evaluation metrics.,no,no,no,no,yes,no,yes,yes,yes,no,no,yes,yes,no,no,"Markers: Drive full-text phrase search of the main PDF, 6 Oct 2026 (mention, not confirmed use). Codes: first-pass from title and abstract; verify."
W14,LS,"Start Globally, Optimize Locally, Predict Globally: Improving Performance on Imbalanced Data",Cieslak & Chawla,2008,IEEE ICDM,yes,Binary,https://drive.google.com/file/d/1L1LaFIxMQ8Gw6mmEAACJBF51yd5lxmc9/view,Binary,Hybrid resampling,Seed selection and weighting,Segment interpolation,Small disjuncts and sub-concepts,Tabular,,Finds regions of the data and tunes the sampling level in each region.,Abstract: real-world and artificial datasets; rank-ordering (AUROC).,yes,yes,no,no,yes,yes,yes,no,no,no,no,yes,yes,no,no,"Markers: Drive full-text phrase search of the main PDF, 6 Oct 2026 (mention, not confirmed use). Codes: first-pass from title and abstract; verify."
W15,ClusterCentroids,Cluster-Based Under-Sampling Approaches for Imbalanced Data Distributions,Yen & Lee,2009,Expert Systems with Applications,,Both,https://drive.google.com/file/d/1MoRHre9MtdPaheA2l0Iu_Y5G-2WFy-4H/view,Binary,Undersampling and cleaning,Cleaning and filtering,,Imbalance ratio only,Tabular,,Cluster-based selection of representative majority examples.,,no,no,no,no,yes,yes,no,yes,no,no,no,yes,yes,no,no,"Markers: Drive full-text phrase search of the main PDF, 6 Oct 2026 (mention, not confirmed use). Codes: first-pass from title and abstract; verify."
W16,EasyEnsemble,Exploratory Undersampling for Class-Imbalance Learning,"Liu, Wu & Zhou",2009,IEEE TSMC-B,,Both,https://drive.google.com/file/d/1MOWXL4I6OT7pm5ZklAQfEpzap6dbsSaU/view,Binary,Ensembles and boosting,Learner integration,,Imbalance ratio only,Tabular,,EasyEnsemble and BalanceCascade: ensembles over balanced undersampled subsets.,,yes,no,yes,no,yes,no,yes,yes,yes,no,no,yes,no,yes,no,"Markers: Drive full-text phrase search of the main PDF, 6 Oct 2026 (mention, not confirmed use). Codes: first-pass from title and abstract; verify."
W17,Safe-Level-SMOTE,Safe-Level-SMOTE: Safe-Level-Synthetic Minority Over-Sampling Technique for Handling the Class Imbalanced Problem,"Bunkhumpornpat, Sinapiromsaran & Lursinsap",2009,PAKDD,,Binary+Both,https://drive.google.com/file/d/1BEXDhe4K5TYOH1ZkTMg2AwRXDfwN1C1l/view,Binary,SMOTE family (interpolation),Generation operator,Shaped region or position,Borderline and unsafe examples; Class overlap,Tabular,,Places each synthetic point along the segment toward the safer endpoint.,Abstract: two-class case only; compared with SMOTE and Borderline-SMOTE.,no,no,no,no,yes,no,yes,yes,no,no,no,yes,yes,no,no,"Markers: Drive full-text phrase search of the main PDF, 6 Oct 2026 (mention, not confirmed use). Codes: first-pass from title and abstract; verify."
W18,RAMOBoost,RAMOBoost: Ranked Minority Oversampling in Boosting,"Chen, He & Garcia",2010,IEEE Trans. Neural Networks,,Binary,https://drive.google.com/file/d/14A557-5oqo0oyDRVUFLgcoS2Vu53fxUQ/view,Binary,Ensembles and boosting,Seed selection and weighting; Learner integration,Segment interpolation,Borderline and unsafe examples,Tabular,,Ranks minority points by difficulty and oversamples adaptively inside boosting.,"Abstract: 19 real-world datasets; accuracy, precision, recall, F-measure, G-mean, ROC.",yes,no,yes,no,yes,no,yes,yes,yes,no,no,yes,yes,no,no,"Markers: Drive full-text phrase search of the main PDF, 6 Oct 2026 (mention, not confirmed use). Codes: first-pass from title and abstract; verify."
W19,RUSBoost,RUSBoost: A Hybrid Approach to Alleviating Class Imbalance,"Seiffert, Khoshgoftaar, Van Hulse & Napolitano",2010,IEEE TSMC-A,,Both,https://drive.google.com/file/d/11twc68OZ57oOgWX3q9TapZClfIL8sxyW/view,Binary,Ensembles and boosting,Learner integration,,Imbalance ratio only,Tabular,,Random undersampling inside each boosting round.,,yes,no,yes,no,yes,no,yes,yes,no,no,no,yes,no,no,no,"Markers: Drive full-text phrase search of the main PDF, 6 Oct 2026 (mention, not confirmed use). Codes: first-pass from title and abstract; verify."
W20,SPIDER2,Learning from Imbalanced Data in Presence of Noisy and Borderline Examples,"Napierała, Stefanowski & Wilk",2010,RSCTC,yes,Binary,https://drive.google.com/file/d/1VxKL_fHwFuDsw_JgJbczlW3BAA8X37kR/view,Binary,Hybrid resampling,Seed selection and weighting; Cleaning and filtering,Replication,Label or feature noise; Borderline and unsafe examples,Tabular,,Amplifies minority examples and relabels or removes noisy majority examples locally.,Abstract: artificial datasets with controlled noisy and borderline examples; focused methods beat oversampling when data are disturbed.,yes,no,yes,no,yes,yes,yes,no,yes,no,no,yes,yes,no,no,"Markers: Drive full-text phrase search of the main PDF, 6 Oct 2026 (mention, not confirmed use). Codes: first-pass from title and abstract; verify."
W21,DSRBF,A dynamic over-sampling procedure based on sensitivity for multi-class problems,"Fernández-Navarro, Hervás-Martínez & Gutiérrez",2011,Pattern Recognition,,Multiclass+Both,https://drive.google.com/file/d/10NyBqjLq7etYOKtdKCbiB0WpjTXZppW1/view,Multiclass,SMOTE family (interpolation),Learner integration; Multiclass coordination,Segment interpolation,Multiclass relations,Tabular,,Applies SMOTE during RBF network training to the class with the lowest sensitivity (filed as 'Static-SMOTE' in Both).,,yes,yes,no,no,yes,no,yes,yes,no,no,no,yes,yes,no,no,"Markers: Drive full-text phrase search of the main PDF, 6 Oct 2026 (mention, not confirmed use). Codes: first-pass from title and abstract; verify."
W22,INOS,Integrated Oversampling for Imbalanced Time Series Classification,"Cao, Li, Woon & Ng",2013,IEEE TKDE,,Both,https://drive.google.com/file/d/1WPtufLQO108SGQWNL51X3uZGg7W-dzw1/view,Binary,Non-interpolative generation,Generation operator,Distribution or model,"Non-tabular data; High dimensionality, feature relevance",Time series,,Structure-preserving oversampling for imbalanced time series.,,no,no,no,no,no,no,yes,yes,yes,no,no,yes,yes,no,no,"Markers: Drive full-text phrase search of the main PDF, 6 Oct 2026 (mention, not confirmed use). Codes: first-pass from title and abstract; verify."
W23,OVO-SMOTE,Analysing the classification of imbalanced data-sets with multiple classes: Binarization techniques and ad-hoc approaches,"Fernández, López, Galar, del Jesus & Herrera",2013,Knowledge-Based Systems,yes,Multiclass,https://drive.google.com/file/d/1zYDaE9DXkV9_GMfZRt9aJa_48pf7Usjc/view,Multiclass,Empirical studies,Multiclass coordination,Segment interpolation,Multiclass relations,Tabular,,Compares one-vs-one and one-vs-all binarization with preprocessing against ad-hoc multiclass methods.,,yes,no,yes,yes,no,no,no,yes,no,no,no,yes,yes,no,no,"Markers: Drive full-text phrase search of the main PDF, 6 Oct 2026 (mention, not confirmed use). Codes: first-pass from title and abstract; verify."
W24,MWMOTE,MWMOTE: Majority Weighted Minority Oversampling Technique for Imbalanced Data Set Learning,"Barua, Islam, Yao & Murase",2014,IEEE TKDE,,Binary+Both,https://drive.google.com/file/d/1OXYKQjqnGD50QjTpJtnDSlBbhHphZ_DG/view,Binary,SMOTE family (interpolation),Seed selection and weighting; Partner or region choice,Segment interpolation,Borderline and unsafe examples; Small disjuncts and sub-concepts,Tabular,,Weights hard-to-learn minority points by distance to the majority and generates inside minority clusters.,Abstract: 4 artificial and 20 real-world datasets; G-mean and AUC.,yes,no,yes,no,yes,yes,yes,yes,yes,no,no,yes,no,no,no,"Markers: Drive full-text phrase search of the main PDF, 6 Oct 2026 (mention, not confirmed use). Codes: first-pass from title and abstract; verify."
W25,RACOG/wRACOG,RACOG and wRACOG: Two Probabilistic Oversampling Techniques,"Das, Krishnan & Cook",2015,IEEE TKDE,,Both,https://drive.google.com/file/d/1xyZUzavvdWF2OsrM31uxugOEHpn0liE3/view,Binary,Non-interpolative generation,Generation operator,Distribution or model,Imbalance ratio only,Tabular,,Gibbs sampling from a dependency-tree model of the minority distribution.,,yes,no,yes,no,yes,yes,yes,yes,yes,no,no,yes,yes,no,no,"Markers: Drive full-text phrase search of the main PDF, 6 Oct 2026 (mention, not confirmed use). Codes: first-pass from title and abstract; verify."
W26,RBBoost,Random Balance: Ensembles of Variable Priors Classifiers for Imbalanced Data,"Díez-Pastor, Rodríguez, García-Osorio & Kuncheva",2015,Knowledge-Based Systems,,Both,https://drive.google.com/file/d/1Ulmbg5NkJAK7hBcLjmm3waZW5FOc6lzj/view,Binary (check),Ensembles and boosting,Learner integration,Segment interpolation,Imbalance ratio only,Tabular,,Each ensemble member sees random class priors produced with SMOTE and undersampling.,,yes,yes,yes,yes,yes,no,yes,yes,yes,no,no,yes,yes,no,no,"Markers: Drive full-text phrase search of the main PDF, 6 Oct 2026 (mention, not confirmed use). Codes: first-pass from title and abstract; verify."
W27,SCUT,SCUT: Multi-Class Imbalanced Data Classification using SMOTE and Cluster-based Undersampling,"Agrawal, Viktor & Paquet",2015,KDIR,yes,Multiclass,https://drive.google.com/file/d/1ZIWXUhaCqxK_bGMQ6E0Awx_XKRK9pugY/view,Multiclass,Hybrid resampling,Cleaning and filtering; Multiclass coordination,Segment interpolation,Multiclass relations; Small disjuncts and sub-concepts,Tabular,,"SMOTE for minority classes, cluster-based undersampling for majority classes.",,yes,yes,yes,yes,yes,no,yes,yes,yes,no,no,yes,yes,no,no,"Markers: Drive full-text phrase search of the main PDF, 6 Oct 2026 (mention, not confirmed use). Codes: first-pass from title and abstract; verify."
W28,SMOTE-IPF,SMOTE-IPF: Addressing the noisy and borderline examples problem in imbalanced classification by a re-sampling method with filtering,"Sáez, Luengo, Stefanowski & Herrera",2015,Information Sciences,,Both,https://drive.google.com/file/d/1yGWVTPRefcNsLsRoUhyeS16S7Qnj_YLR/view,Binary,Hybrid resampling,Cleaning and filtering,Segment interpolation,Label or feature noise; Borderline and unsafe examples,Tabular,,SMOTE followed by an iterative ensemble-based partitioning filter.,,yes,yes,yes,yes,no,yes,yes,yes,no,no,no,yes,yes,no,no,"Markers: Drive full-text phrase search of the main PDF, 6 Oct 2026 (mention, not confirmed use). Codes: first-pass from title and abstract; verify."
W29,SplitBal,A novel ensemble method for classifying imbalanced data,Sun et al.,2015,Pattern Recognition,,Both,https://drive.google.com/file/d/1nZ42HkNUc7_nBN2r-vfsfSSVQdaRGqVb/view,Binary,Ensembles and boosting,Learner integration,,Imbalance ratio only,Tabular,,Splits the majority into balanced bins and combines the resulting classifiers.,,yes,yes,yes,yes,no,no,yes,yes,no,no,no,yes,yes,no,no,"Markers: Drive full-text phrase search of the main PDF, 6 Oct 2026 (mention, not confirmed use). Codes: first-pass from title and abstract; verify."
W30,A-SUWO,Oversampling Methods for Imbalanced Dataset Classification and their Application to Gynecological Disorder Diagnosis (PhD dissertation),Nekooeimehr,2016,"PhD dissertation, Univ. of South Florida",,Binary,https://drive.google.com/file/d/1OfwH1GejH2Ryj3nWqPH4Ia-cn2c85vYQ/view,Binary,SMOTE family (interpolation),Seed selection and weighting; Partner or region choice,Segment interpolation,Small disjuncts and sub-concepts; Borderline and unsafe examples,Tabular,Gynecological disorder (pelvic organ prolapse) diagnosis,"Semi-unsupervised clustering of the minority, weighted oversampling within clusters (A-SUWO, dissertation reprint).",File is the dissertation; cite the peer-reviewed A-SUWO article instead (check).,yes,yes,yes,no,yes,no,yes,yes,yes,no,no,no,yes,no,no,"Markers: Drive full-text phrase search of the main PDF, 6 Oct 2026 (mention, not confirmed use). Codes: first-pass from title and abstract; verify."
W31,CGMOS,CGMOS: Certainty Guided Minority OverSampling,"Zhang, Ma, Gan, Jiang & Agam",2016,CIKM,yes,Binary,https://drive.google.com/file/d/1OwzELxOJ_DqE_oFqC3MyJj7x9sQx7YzB/view,Binary,SMOTE family (interpolation),Seed selection and weighting,Segment interpolation,Imbalance ratio only,Tabular,,Adds points where they most increase classification certainty; proves improvement over SMOTE on training data.,"Abstract: 30 real-world datasets, 6 classifiers.",yes,no,yes,no,yes,no,yes,yes,yes,no,no,yes,yes,no,no,"Markers: Drive full-text phrase search of the main PDF, 6 Oct 2026 (mention, not confirmed use). Codes: first-pass from title and abstract; verify."
W32,MDO,To Combat Multi-Class Imbalanced Problems by Means of Over-Sampling Techniques,Abdi & Hashemi,2016,IEEE TKDE,,Multiclass+Both,https://drive.google.com/file/d/1bWUoc6-OoSvVbY_LDzHA2LP-g9g2IVaV/view,Multiclass,Non-interpolative generation,Generation operator; Multiclass coordination,Distribution or model,Multiclass relations,Tabular,,Generates along Mahalanobis-distance contours of each minority class.,,yes,yes,yes,yes,yes,yes,yes,yes,yes,no,no,yes,no,no,no,"Markers: Drive full-text phrase search of the main PDF, 6 Oct 2026 (mention, not confirmed use). Codes: first-pass from title and abstract; verify."
W33,SMOM,Synthetic minority oversampling technique for multiclass imbalance problems,"Zhu, Lin & Liu",2017,Pattern Recognition,,Multiclass+Both,https://drive.google.com/file/d/12KDC3jaa429TWX4hq-t7gXh6LIHJE3h6/view,Multiclass,SMOTE family (interpolation),Partner or region choice; Multiclass coordination,Segment interpolation,Multiclass relations,Tabular,,Weights neighbour directions so multiclass synthetic points avoid other classes.,,yes,no,yes,no,yes,no,yes,yes,yes,no,no,yes,no,no,no,"Markers: Drive full-text phrase search of the main PDF, 6 Oct 2026 (mention, not confirmed use). Codes: first-pass from title and abstract; verify."
W34,AMDO,AMDO: An Over-Sampling Technique for Multi-Class Imbalanced Problems,Yang et al.,2018,IEEE TKDE,yes,Multiclass,https://drive.google.com/file/d/1BQhzFFIr90ZfPvyDUjdop6hDMz_XS9Tv/view,Multiclass,Non-interpolative generation,Generation operator; Multiclass coordination,Distribution or model,Multiclass relations,Tabular,,Adaptive extension of Mahalanobis-distance oversampling for multiclass problems.,,yes,yes,yes,yes,no,no,yes,no,no,no,yes,yes,yes,no,no,"Markers: Drive full-text phrase search of the main PDF, 6 Oct 2026 (mention, not confirmed use). Codes: first-pass from title and abstract; verify."
W35,Buda-ROS,A systematic study of the class imbalance problem in convolutional neural networks,"Buda, Maki & Mazurowski",2018,Neural Networks,,Both,https://drive.google.com/file/d/1bcz47iqd0GS1B8AjmUSpreGFoYCGevWe/view,Multiclass,Empirical studies,Outside the resampling pipeline,,Non-tabular data; Multiclass relations,Images,,Systematic CNN study; random oversampling is the recommended default.,Four supplementary files in Both.,no,no,no,no,no,no,yes,no,no,no,no,yes,no,no,no,"Markers: Drive full-text phrase search of the main PDF, 6 Oct 2026 (mention, not confirmed use). Codes: first-pass from title and abstract; verify."
W36,k-means SMOTE,Improving Imbalanced Learning Through a Heuristic Oversampling Method Based on K-Means and SMOTE,"Douzas, Bacao & Last",2018,Information Sciences,,Binary,https://drive.google.com/file/d/1-1mPFa1PhFoS-xPWg37_YMgXfPEW4Yqj/view,Binary,SMOTE family (interpolation),Seed selection and weighting; Partner or region choice,Segment interpolation,Small disjuncts and sub-concepts; Label or feature noise,Tabular,,"Clusters with k-means, oversamples minority-dominated clusters, allocates by sparsity.",Abstract: avoids generating noise; addresses within-class imbalance.,yes,yes,no,yes,yes,yes,yes,yes,yes,no,yes,yes,no,yes,yes,"Markers: Drive full-text phrase search of the main PDF, 6 Oct 2026 (mention, not confirmed use). Codes: first-pass from title and abstract; verify."
W37,OBU,Overlap-based undersampling for improving imbalanced data classification,"Vuttipittayamongkol, Elyan, Petrovski & Jayne",2018,IDEAL,,Binary,https://drive.google.com/file/d/1gBhjMoQVtu1sk6-PqfO5RuHI7E11YCOk/view,Binary,Undersampling and cleaning,Cleaning and filtering,,Class overlap,Tabular,,Removes majority examples from the estimated overlap region.,,yes,no,yes,yes,yes,no,no,no,no,no,no,yes,no,no,yes,"Markers: Drive full-text phrase search of the main PDF, 6 Oct 2026 (mention, not confirmed use). Codes: first-pass from title and abstract; verify."
W38,CTGAN/TVAE,Modeling Tabular Data using Conditional GAN,"Xu, Skoularidou, Cuesta-Infante & Veeramachaneni",2019,NeurIPS,,Both,https://drive.google.com/file/d/12J5xurnC4wZRavsb4XXYUj9ocXsOk4O0/view,General (not imbalance-specific),Non-interpolative generation,Generation operator,Learned deep generator,Mixed-type features,Tabular,,Conditional GAN and VAE for mixed-type tabular synthesis (not imbalance-specific; a common baseline).,,no,no,no,no,yes,yes,no,yes,no,no,no,yes,yes,no,yes,"Markers: Drive full-text phrase search of the main PDF, 6 Oct 2026 (mention, not confirmed use). Codes: first-pass from title and abstract; verify."
W39,G-SMOTE,Geometric SMOTE: a geometrically enhanced drop-in replacement for SMOTE,Douzas & Bacao,2019,Information Sciences,,Binary,https://drive.google.com/file/d/14E5TZ3e4lNZe8VWWCvWEF2vnfsbjGFlx/view,Binary,SMOTE family (interpolation),Generation operator,Shaped region or position,Imbalance ratio only,Tabular,,Generates inside a hyper-sphere or hyper-spheroid around each seed instead of on a segment.,Abstract: Python implementation released.,yes,yes,yes,yes,yes,yes,yes,yes,yes,no,no,yes,no,yes,yes,"Markers: Drive full-text phrase search of the main PDF, 6 Oct 2026 (mention, not confirmed use). Codes: first-pass from title and abstract; verify."
W40,GAMO,Generative Adversarial Minority Oversampling,"Mullick, Datta & Das",2019,ICCV,,Both,https://drive.google.com/file/d/1lQRbdVR0IuupXcPeY7h0c9iaVlpM8ze2/view,Multiclass,Non-interpolative generation,Generation operator; Learner integration,Learned deep generator,Non-tabular data; Multiclass relations,Images,,An adversarial convex generator trained jointly with the classifier.,,no,no,no,no,no,yes,no,no,yes,no,no,no,no,no,yes,"Markers: Drive full-text phrase search of the main PDF, 6 Oct 2026 (mention, not confirmed use). Codes: first-pass from title and abstract; verify."
W41,RBO,Radial-Based Oversampling for Noisy Imbalanced Data Classification,"Koziarski, Krawczyk & Woźniak",2019,Neurocomputing,,Both,https://drive.google.com/file/d/1qFWXxXKmM8iLmnbzzAMT_dbvp6ag-yYw/view,Binary,Non-interpolative generation,Generation operator,Distribution or model,Label or feature noise,Tabular,,Places points by following a radial mutual-class potential; robust to noise.,,yes,yes,no,yes,no,no,yes,yes,yes,no,no,yes,yes,no,yes,"Markers: Drive full-text phrase search of the main PDF, 6 Oct 2026 (mention, not confirmed use). Codes: first-pass from title and abstract; verify."
W42,SOUP,Using information on class interrelations to improve classification of multiclass imbalanced data: A new resampling algorithm,"Janicka, Lango & Stefanowski",2019,Int. J. Applied Mathematics and Computer Science,,Multiclass,https://drive.google.com/file/d/1XSRpT3VmHtzUREMRA7Ab5v4BgUK8Hpla/view,Multiclass,Hybrid resampling,Seed selection and weighting; Cleaning and filtering; Multiclass coordination,not coded,Multiclass relations; Borderline and unsafe examples,Tabular,,Uses example safeness and class interrelations to over- and undersample multiclass data.,,yes,yes,yes,no,yes,yes,no,yes,yes,no,no,yes,no,no,no,"Markers: Drive full-text phrase search of the main PDF, 6 Oct 2026 (mention, not confirmed use). Codes: first-pass from title and abstract; verify."
W43,AB-SMOTE,AB-SMOTE: An Affinitive Borderline SMOTE Approach for Imbalanced Data Binary Classification,Al Majzoub & Elgedawy,2020,Int. J. Machine Learning and Computing,,Binary,https://drive.google.com/file/d/1BI-0-393GE7wS745qDIhmVq7C1-916FL/view,Binary,SMOTE family (interpolation),Seed selection and weighting,Segment interpolation,Borderline and unsafe examples,Tabular,,Refines Borderline-SMOTE seed choice with the affinity of borderline instances.,Abstract: compared mainly with Borderline-SMOTE.,no,no,no,yes,yes,no,yes,yes,no,no,no,yes,yes,no,no,"Markers: Drive full-text phrase search of the main PDF, 6 Oct 2026 (mention, not confirmed use). Codes: first-pass from title and abstract; verify."
W44,DLexiBoost,Boosting with Lexicographic Programming: Addressing Class Imbalance without Cost Tuning,"Datta, Nag & Das",2020,IEEE TKDE,,Both,https://drive.google.com/file/d/1OShlehmxdBW8ZJopG0_swGdxmwUs1f_P/view,Binary and multiclass,Ensembles and boosting,Learner integration,,Multiclass relations; Non-tabular data,Tabular and images,,Lexicographic programming sets boosting weights without cost tuning.,Abstract: hyperspectral image classification and ImageNet among the tests.,yes,yes,yes,yes,no,yes,yes,yes,yes,no,no,yes,yes,no,yes,"Markers: Drive full-text phrase search of the main PDF, 6 Oct 2026 (mention, not confirmed use). Codes: first-pass from title and abstract; verify."
W45,MBS,Model-Based Synthetic Sampling for Imbalanced Data,Liu & Hsieh,2020,IEEE TKDE,,Both,https://drive.google.com/file/d/1vjD3vWHkPV0xnwoFP8v36gWWud03PkfD/view,Binary,Non-interpolative generation,Generation operator,Distribution or model,Imbalance ratio only,Tabular,,Regression models capture feature relationships to generate diverse synthetic data.,"Abstract: 13 datasets, 10 methods.",yes,no,yes,no,yes,no,yes,yes,no,no,no,yes,yes,no,yes,"Markers: Drive full-text phrase search of the main PDF, 6 Oct 2026 (mention, not confirmed use). Codes: first-pass from title and abstract; verify."
W46,MC-CCR,Combined Cleaning and Resampling Algorithm for Multi-Class Imbalanced Data with Label Noise,"Koziarski, Woźniak & Krawczyk",2020,Knowledge-Based Systems,,Multiclass+Both,https://drive.google.com/file/d/1un6dKVklmTv9AI6TB7PW8XYKR6hjuAlp/view,Multiclass,Hybrid resampling,Generation operator; Cleaning and filtering; Multiclass coordination,Shaped region or position,Label or feature noise; Multiclass relations,Tabular,,Cleans and oversamples inside energy-based spheres around minority points.,The Multiclass and Both copies are different versions (1.15 MB vs 1.40 MB).,yes,yes,no,yes,no,no,yes,no,yes,no,no,yes,yes,no,yes,"Markers: Drive full-text phrase search of the main PDF, 6 Oct 2026 (mention, not confirmed use). Codes: first-pass from title and abstract; verify."
W47,MC-RBO,Radial-Based Oversampling for Multiclass Imbalanced Data Classification,"Krawczyk, Koziarski & Woźniak",2020,IEEE TNNLS,,Multiclass+Both,https://drive.google.com/file/d/1w7q_Qkr4h5D3j7PPApBEbzgLkRkmCmfL/view,Multiclass,Non-interpolative generation,Generation operator; Multiclass coordination,Distribution or model,Multiclass relations; Label or feature noise,Tabular,,Extends radial-based oversampling to multiclass with class relationships.,,yes,yes,no,yes,no,no,yes,no,yes,no,no,yes,yes,no,yes,"Markers: Drive full-text phrase search of the main PDF, 6 Oct 2026 (mention, not confirmed use). Codes: first-pass from title and abstract; verify."
W48,NBU,Neighbourhood-based undersampling approach for handling imbalanced and overlapped data,Vuttipittayamongkol & Elyan,2020,Information Sciences,,Binary,https://drive.google.com/file/d/1TyZkDJ6HCTtxK0QHigb1FOGCdYSL20AH/view,Binary,Undersampling and cleaning,Cleaning and filtering,,Class overlap,Tabular,,Four neighbourhood criteria remove majority examples from the overlap region.,Abstract: simulated and real datasets; significant gains in sensitivity.,yes,no,yes,yes,yes,yes,no,yes,yes,no,no,yes,yes,no,yes,"Markers: Drive full-text phrase search of the main PDF, 6 Oct 2026 (mention, not confirmed use). Codes: first-pass from title and abstract; verify."
W49,SPE,Self-paced Ensemble for Highly Imbalanced Massive Data Classification,Liu et al.,2020,ICDE,,Both,https://drive.google.com/file/d/1vApVWeO1eS5XCrGkh7H4JjaFIwYV_bLw/view,Binary,Ensembles and boosting,Learner integration,,Extreme imbalance or very few minority points; Label or feature noise,Tabular,,"Hardness-driven self-paced undersampling ensemble for massive, highly imbalanced data.",,no,no,no,no,no,no,yes,yes,yes,yes,yes,yes,yes,yes,yes,"Markers: Drive full-text phrase search of the main PDF, 6 Oct 2026 (mention, not confirmed use). Codes: first-pass from title and abstract; verify."
W50,EMDO,Evolutionary Mahalanobis Distance-Based Oversampling for Multi-Class Imbalanced Data Classification,(see PDF),2021,Venue to confirm,yes,Multiclass,https://drive.google.com/file/d/1WVOPeEJyvDqCZ6xgnz1kcnXOX7tvDpF0/view,Multiclass,Non-interpolative generation,Generation operator; Multiclass coordination,Distribution or model,Multiclass relations,Tabular,,Evolutionary optimisation of Mahalanobis-based generation for multiclass data.,,no,no,no,yes,yes,no,yes,yes,no,no,no,yes,yes,no,yes,"Markers: Drive full-text phrase search of the main PDF, 6 Oct 2026 (mention, not confirmed use). Codes: first-pass from title and abstract; verify."
W51,HDE,A hybrid data-level ensemble to enable learning from highly imbalanced dataset,"Chen, Duan, Kang & Qiu",2021,Information Sciences,,Both,https://drive.google.com/file/d/158sVhWL_cG7GjnGlXyvV1JBebIYn7lu9/view,Binary,Ensembles and boosting,Cleaning and filtering; Learner integration,,Extreme imbalance or very few minority points,Tabular,,Ensemble combining margin-based undersampling with diversity-enhancing oversampling.,"Abstract: 42 datasets, IR 9.08 to 970.6, 3 to 5,000 features; 10 ensembles.",yes,yes,yes,yes,no,no,yes,no,yes,no,no,yes,yes,no,yes,"Markers: Drive full-text phrase search of the main PDF, 6 Oct 2026 (mention, not confirmed use). Codes: first-pass from title and abstract; verify."
W52,RSMOTE,RSMOTE: A self-adaptive robust SMOTE for imbalanced problems with label noise,"Chen, Xia, Chen, Wang & Wang",2021,Information Sciences,,Binary,https://drive.google.com/file/d/17eDnslcKmJbZ81yhKO23PuWldYNOij_N/view,Binary,SMOTE family (interpolation),Seed selection and weighting,Segment interpolation,Label or feature noise; Borderline and unsafe examples,Tabular,,"Relative density separates noisy, borderline and safe seeds without extra parameters.","Abstract: precision, recall, AUC, F1 and G-mean.",yes,yes,no,no,yes,yes,yes,yes,yes,no,no,yes,yes,no,yes,"Markers: Drive full-text phrase search of the main PDF, 6 Oct 2026 (mention, not confirmed use). Codes: first-pass from title and abstract; verify."
W53,CBHSID,A hybrid sampling approach for imbalanced binary and multi-class data using clustering analysis,(see PDF),2022,IEEE Access,,Multiclass+Both,https://drive.google.com/file/d/1ZNhq_Y60M50RGauDavU84iGR8ANnUgwC/view,Binary and multiclass,Hybrid resampling,Partner or region choice; Cleaning and filtering,Segment interpolation,Multiclass relations,Tabular,,Clustering-based hybrid over- and undersampling for binary and multiclass data.,Filed under Multiclass but the title covers both settings.,yes,yes,yes,yes,yes,no,no,yes,yes,no,no,yes,yes,yes,no,"Markers: Drive full-text phrase search of the main PDF, 6 Oct 2026 (mention, not confirmed use). Codes: first-pass from title and abstract; verify."
W54,FW-SMOTE,FW-SMOTE: A Feature-Weighted Oversampling Approach for Imbalanced Classification,Maldonado et al.,2022,Pattern Recognition,,Both,https://drive.google.com/file/d/1h1nQZUohr_gcy-JCNHVK6GOe6hUPtWlw/view,Binary,SMOTE family (interpolation),Partner or region choice,Segment interpolation,"High dimensionality, feature relevance",Tabular,,"Uses feature-weighted distances when choosing SMOTE neighbours, aimed at high-dimensional data.",,yes,yes,no,yes,yes,no,yes,no,yes,no,no,no,yes,no,yes,"Markers: Drive full-text phrase search of the main PDF, 6 Oct 2026 (mention, not confirmed use). Codes: first-pass from title and abstract; verify."
W55,GDO,Gaussian Distribution Based Oversampling for Imbalanced Data Classification,"Xie, Qiu, Zhang, Peng & Chen",2022,IEEE TKDE,,Both,https://drive.google.com/file/d/1SArTXqhIfEC2b0elAxJQzFFKHrqpbqNZ/view,Binary,Non-interpolative generation,Seed selection and weighting; Generation operator,Distribution or model,Imbalance ratio only,Tabular,Internet video traffic identification; esophageal cancer metastasis detection,"Probabilistic anchor selection by density and distance, then Gaussian generation.","Abstract: 40 KEEL and 10 large UCI datasets, 7 methods; AUC, G-mean, memory.",yes,no,yes,yes,yes,yes,yes,no,yes,no,no,yes,yes,no,no,"Markers: Drive full-text phrase search of the main PDF, 6 Oct 2026 (mention, not confirmed use). Codes: first-pass from title and abstract; verify."
W56,KNNOR,KNNOR: An oversampling technique for imbalanced datasets,"Islam, Belhaouari, Rehman & Bensmail",2022,Applied Soft Computing,,Both,https://drive.google.com/file/d/1OdXr9aiyUPN_oW3P2WgVhUX6KEOID-FB/view,Binary,SMOTE family (interpolation),Seed selection and weighting,Segment interpolation,Small disjuncts and sub-concepts; Label or feature noise,Tabular,,Finds critical and safe areas from relative density before generating.,Abstract: ranks ten oversamplers by classifier accuracy; Python library and Code Ocean capsule.,no,no,no,yes,yes,yes,yes,yes,no,no,no,yes,yes,no,yes,"Markers: Drive full-text phrase search of the main PDF, 6 Oct 2026 (mention, not confirmed use). Codes: first-pass from title and abstract; verify."
W57,SHSampler,Combating Mutuality with Difficulty Factors in Multi-class Imbalanced Data: A Similarity-based Hybrid Sampling,"Zheng, Yan, Zhang & Zhang",2022,IEEE conference paper (venue to confirm),yes,Multiclass,https://drive.google.com/file/d/1qsLZZQiLE03-QC2QfVXC99G2RDkkpuSr/view,Multiclass,Hybrid resampling,Seed selection and weighting; Cleaning and filtering; Multiclass coordination,not coded,Multiclass relations; Borderline and unsafe examples,Tabular,,Similarity-based difficulty estimates drive relative-majority undersampling and relative-minority oversampling.,"Abstract: 20 datasets, 6 methods; MAUC and mGM.",no,no,no,yes,no,no,yes,no,yes,no,no,yes,no,no,no,"Markers: Drive full-text phrase search of the main PDF, 6 Oct 2026 (mention, not confirmed use). Codes: first-pass from title and abstract; verify."
W58,SOS,SOS: Score-based Oversampling for Tabular Data,Kim et al.,2022,KDD,,Both,https://drive.google.com/file/d/1DZx1dNxh97R0K0V6ClCrQUvNWabQzk96/view,Binary (check),Non-interpolative generation,Generation operator,Learned deep generator,Imbalance ratio only,Tabular,,Score-based (diffusion) generative model adapted to tabular oversampling.,"Abstract: 6 datasets, 10 baselines.",no,no,no,no,yes,no,no,yes,no,no,no,yes,no,no,yes,"Markers: Drive full-text phrase search of the main PDF, 6 Oct 2026 (mention, not confirmed use). Codes: first-pass from title and abstract; verify."
W59,SVDD-WSMOTE,SVDD-based weighted oversampling technique for imbalanced and overlapped dataset learning,Tao et al.,2022,Information Sciences,,Binary,https://drive.google.com/file/d/1WnqpH5Mj-1Lx6t9qCT9GA3XzZWdbNXPm/view,Binary,SMOTE family (interpolation),Seed selection and weighting; Cleaning and filtering,Segment interpolation,Class overlap; Small disjuncts and sub-concepts; Label or feature noise,Tabular,,An SVDD boundary removes overlapped or noisy points; density- and distance-weighted SMOTE follows.,Abstract: overlap and within-class imbalance.,yes,yes,yes,no,yes,yes,yes,yes,yes,no,no,yes,yes,no,yes,"Markers: Drive full-text phrase search of the main PDF, 6 Oct 2026 (mention, not confirmed use). Codes: first-pass from title and abstract; verify."
W60,GLOS,Global-local information based oversampling for multi-class imbalanced data,"Han, Guo, Li & Wang",2023,Int. J. Machine Learning and Cybernetics,,Multiclass,https://drive.google.com/file/d/12Vjoct1Jgw1isC7imxxEaRfiMapHtQT5/view,Multiclass,SMOTE family (interpolation),Seed selection and weighting; Generation operator; Multiclass coordination,Segment interpolation,Multiclass relations; Borderline and unsafe examples,Tabular,,Selects hard instances by dispersion and applies a group-specific synthesis strategy.,Abstract: KEEL and UCI datasets.,yes,no,yes,yes,yes,no,no,no,yes,no,no,yes,yes,no,no,"Markers: Drive full-text phrase search of the main PDF, 6 Oct 2026 (mention, not confirmed use). Codes: first-pass from title and abstract; verify."
W61,NROMM,Noise-robust oversampling for imbalanced data classification,"Liu, Liu, Yu, Zhong & Hu",2023,Pattern Recognition,,Both,https://drive.google.com/file/d/1wcaZXGQaSvPcubKplx_4XeMOAhj6vLIk/view,Binary and multiclass,SMOTE family (interpolation),Generation operator; Cleaning and filtering; Multiclass coordination,not coded,Label or feature noise; Mixed-type features; Multiclass relations,Tabular,,"Noise removal within clusters, adaptive embedding, safe boundary; mixed-type and multiclass.",Abstract: 20 benchmark datasets.,yes,yes,yes,yes,no,no,yes,no,yes,no,no,no,yes,no,no,"Markers: Drive full-text phrase search of the main PDF, 6 Oct 2026 (mention, not confirmed use). Codes: first-pass from title and abstract; verify."
W62,OREM,Oversampling With Reliably Expanding Minority Class Regions for Imbalanced Data Learning,(see PDF),2023,IEEE TKDE,,Multiclass+Both,https://drive.google.com/file/d/1AR_PnhKLkrZvvVyM3JsZsw34L_VUHUHu/view,Binary and multiclass,SMOTE family (interpolation),Partner or region choice; Generation operator,Shaped region or position,Class overlap; Multiclass relations,Tabular,,Finds candidate regions free of other classes and expands minority regions reliably (OREM-M for multiclass).,54-page supplement in the Both folder.,yes,no,yes,no,yes,no,yes,yes,yes,no,no,yes,yes,no,yes,"Markers: Drive full-text phrase search of the main PDF, 6 Oct 2026 (mention, not confirmed use). Codes: first-pass from title and abstract; verify."
W63,GMMSampling,"GMMSampling: a new model-based, data difficulty-driven resampling method for multi-class imbalanced data",Naglik & Lango,2024,Machine Learning,,Multiclass,https://drive.google.com/file/d/1Ganmekz6p4uVF8Ih34-0hPCvw8aC2WH6/view,Multiclass,Non-interpolative generation,Seed selection and weighting; Generation operator; Multiclass coordination,Distribution or model,Class overlap; Small disjuncts and sub-concepts; Multiclass relations; Borderline and unsafe examples,Tabular,,A Gaussian mixture model of difficulty factors drives multiclass resampling.,Abstract: imbalance ratio alone is not the main difficulty; overlap and sub-concepts matter.,yes,yes,yes,no,yes,yes,yes,yes,yes,yes,yes,yes,no,yes,yes,"Markers: Drive full-text phrase search of the main PDF, 6 Oct 2026 (mention, not confirmed use). Codes: first-pass from title and abstract; verify."
W64,MC-MBRC,A membership-based resampling and cleaning algorithm for multi-class imbalanced overlapping data,"Ma, Lu & Jiang",2024,Expert Systems with Applications,,Multiclass,https://drive.google.com/file/d/1nmUNbBbii32I99xJcj6Ej2AX3iWnZN3c/view,Multiclass,Hybrid resampling,Seed selection and weighting; Cleaning and filtering; Multiclass coordination,Segment interpolation,Class overlap; Label or feature noise; Multiclass relations; Extreme imbalance or very few minority points,Tabular,,"Membership degrees split samples into safe, overlapping and noisy areas; interpolation and cleaning follow.",Abstract: robust to class overlap and label noise.,no,no,no,yes,yes,yes,no,yes,no,no,no,yes,yes,no,yes,"Markers: Drive full-text phrase search of the main PDF, 6 Oct 2026 (mention, not confirmed use). Codes: first-pass from title and abstract; verify."
W65,MKC-SMOTE,MKC-SMOTE: A Novel Synthetic Oversampling Method for Multi-Class Imbalanced Data Classification,Wang & Awang,2024,IEEE Access,,Multiclass,https://drive.google.com/file/d/1nDMgSh4CWdvhylkyrZcsi9re42GzStAk/view,Multiclass,SMOTE family (interpolation),Seed selection and weighting; Cleaning and filtering; Multiclass coordination,Segment interpolation,Multiclass relations,Tabular,,"Chooses seeds considering all classes, enhanced interpolation, removes misleading synthetic points.","Abstract: 21 real-world datasets, 6 competing methods, 2 classifiers.",yes,no,yes,no,yes,no,yes,yes,yes,yes,no,yes,yes,no,no,"Markers: Drive full-text phrase search of the main PDF, 6 Oct 2026 (mention, not confirmed use). Codes: first-pass from title and abstract; verify."
W66,CISO,Certified Interpolation Oversampling: Per-Instance Safety Guarantees for Imbalanced Learning,Yadav & Vijay,2025,"arXiv preprint 2501.15790 (v2, Aug 2026)",,Binary,https://drive.google.com/file/d/1kJZCKYe3QR2tSvb54AfOhHd5XNzkdJ6g/view,Binary,SMOTE family (interpolation),Seed selection and weighting; Partner or region choice; Generation operator,Shaped region or position,Borderline and unsafe examples,Tabular,,Safety-guided seed and partner distributions; each synthetic point carries a certified distance from the majority.,"Abstract: preregistered protocol, 45 datasets, 4 classifiers, 11 competitors, 11,460 fold-level runs; statistically equivalent to SMOTE on PR-AUC.",yes,yes,yes,yes,yes,no,yes,no,yes,no,yes,yes,yes,yes,no,"Markers: Drive full-text phrase search of the main PDF, 6 Oct 2026 (mention, not confirmed use). Codes: first-pass from title and abstract; verify."
W67,GDHS,GDHS: An efficient hybrid sampling method for multi-class imbalanced data classification,"Yan, Lv, Han, Yu & Zhou",2025,Neurocomputing,,Multiclass,https://drive.google.com/file/d/1HN7VjTMcK-1k2qneVgplL4ZfTVYqQiK5/view,Multiclass,Hybrid resampling,Seed selection and weighting; Cleaning and filtering; Multiclass coordination,Segment interpolation,Class overlap; Multiclass relations,Tabular,,"Oversampling by learning difficulty and generalisation potential, plus three majority-cleaning strategies.","Abstract: 20 datasets, 12 methods; mGM and MAUC; code on GitHub.",no,no,no,yes,no,no,yes,no,yes,no,no,yes,no,no,yes,"Markers: Drive full-text phrase search of the main PDF, 6 Oct 2026 (mention, not confirmed use). Codes: first-pass from title and abstract; verify."
W68,GOIO,GOIO: Generative Oversampling Approach to Class Imbalance and Overlap of Tabular Data,"Ren, Ding, Yang & Cheung",2025,IEEE TKDE,,Both,https://drive.google.com/file/d/1LPHYXmZjSX0GQEZsamv27HsJPpkT52vA/view,Binary (check),Non-interpolative generation,Generation operator,Learned deep generator,Class overlap,Tabular,,Metric-learning VAE plus conditional latent diffusion to separate overlapped classes.,"Abstract: 18 real and 5 synthetic datasets; F1, MCC and accuracy.",yes,yes,yes,no,yes,yes,no,yes,no,yes,no,yes,yes,no,yes,"Markers: Drive full-text phrase search of the main PDF, 6 Oct 2026 (mention, not confirmed use). Codes: first-pass from title and abstract; verify."
W69,MC-NCLWO,MC-NCLWO: Newton's Cooling Law-Based Oversampling Algorithm for Multi-Class Imbalanced Datasets With Feature Noise,"Tao, Liang, Wu, Qian & Zhan",2025,IEEE Access,,Multiclass,https://drive.google.com/file/d/17x6NWBqjstuf9-XZIL1Gg1LojLU9qVHK/view,Multiclass,SMOTE family (interpolation),Seed selection and weighting; Cleaning and filtering; Multiclass coordination,Segment interpolation,Label or feature noise; Class overlap; Small disjuncts and sub-concepts; Multiclass relations,Tabular,,"Cooling-law noise cleaning, difficulty-weighted generation, class-priority sampling.","Abstract: 23 benchmark datasets, 10 methods; FbM, AvAcc, CBA, CEN.",yes,yes,no,yes,no,no,no,yes,no,no,no,yes,yes,no,yes,"Markers: Drive full-text phrase search of the main PDF, 6 Oct 2026 (mention, not confirmed use). Codes: first-pass from title and abstract; verify."
W70,MLOS,Synthetic oversampling with Mahalanobis distance and local information for highly imbalanced class-overlapped data,"Yan, Zheng, Han, Yu & Zhou",2025,Expert Systems with Applications,,Both,https://drive.google.com/file/d/1MgRNYVAXU8VYZF13piF_4UVCPCT6Q_8n/view,Binary,SMOTE family (interpolation),Seed selection and weighting; Partner or region choice; Cleaning and filtering,Segment interpolation,Class overlap; Extreme imbalance or very few minority points,Tabular,,Majority density guides synthesis for very scarce minorities; partners chosen by similar density; pairwise cleaning.,,no,no,no,yes,yes,no,yes,yes,yes,no,no,no,yes,no,yes,"Markers: Drive full-text phrase search of the main PDF, 6 Oct 2026 (mention, not confirmed use). Codes: first-pass from title and abstract; verify."
W71,QC-SMOTE,QC-SMOTE: Quality-Controlled SMOTE for Imbalanced Classification,Upman & Gowda,2025,Venue not on first page,yes,Binary,https://drive.google.com/file/d/1ic15ixamezP9A2bop_KHS6t0UcU3MpgY/view,Binary,SMOTE family (interpolation),Seed selection and weighting; Generation operator; Cleaning and filtering,Shaped region or position,Label or feature noise; Class overlap,Tabular,,"Scores seed reliability, keeps the best of K candidates, reverts to duplicates in noisy regions.","Abstract: 30 datasets, repeated stratified CV; AUC-ROC and macro F1.",yes,no,yes,no,no,no,yes,yes,yes,no,yes,yes,no,yes,no,"Markers: Drive full-text phrase search of the main PDF, 6 Oct 2026 (mention, not confirmed use). Codes: first-pass from title and abstract; verify."
W72,DGOT,Diffusion GAN-Based Oversampling for Imbalanced Tabular Data,"Ren, Ding & Cheung",2026,IEEE TKDE,,Both,https://drive.google.com/file/d/1V9E9guns3UmIBq2vj0dzdZ90SMgM9WXv/view,Binary and multiclass,Non-interpolative generation,Generation operator,Learned deep generator,Class overlap; Small disjuncts and sub-concepts; Label or feature noise; Multiclass relations,Tabular,,Diffusion-GAN generator with a noise-sensitive auxiliary classifier.,"Abstract: 22 real-world datasets, 6 methods; accuracy, F1 and MCC.",yes,yes,yes,no,yes,no,no,yes,no,yes,no,yes,yes,yes,yes,"Markers: Drive full-text phrase search of the main PDF, 6 Oct 2026 (mention, not confirmed use). Codes: first-pass from title and abstract; verify."
W73,Loyalty-SMOTE,Loyalty-SMOTE: Data synthesis algorithm for effective imbalanced data classification,Hu et al.,2026,Neural Networks,,Both,https://drive.google.com/file/d/1PK1o_aazCwaEO0yx3bTeXHQHRfaai90K/view,Binary and multiclass,SMOTE family (interpolation),Seed selection and weighting; Cleaning and filtering; Multiclass coordination,Segment interpolation,Label or feature noise; Borderline and unsafe examples; Multiclass relations,Tabular,,"A 'loyalty' score finds noise and boundaries; SMOTE on the boundary, then denoising.",Abstract: SVM is the only base learner; 30 binary and 5 multiclass UCI datasets; reports win counts.,no,no,no,yes,yes,no,yes,yes,yes,no,no,yes,yes,no,no,"Markers: Drive full-text phrase search of the main PDF, 6 Oct 2026 (mention, not confirmed use). Codes: first-pass from title and abstract; verify."
